nombre_show,tipo_show,precio,duracion,local,nota_atrapalo,numero_opiniones,tipo_local,valoracion_google,numero_reseñas_google,coordenadas
Monólogos en la Chocita del Loro Carabanchel,show,10.0,80.0,Teatro Chocita del Loro - Carabanchel,8.9,5208.0,teatro,4.5,1440.0,"(40.3875982, -3.7436175)"
Ladys Night en Beer Station,show,11.0,70.0,Beer Station,9.4,89.0,bar,4.4,3382.0,"(40.4197052, -3.7085243)"
Los Monólogos de El Golfo Comedy Club en Madrid,cuenta_local,5.0,95.0,El Golfo Comedy Club,8.9,1656.0,club de comedia,4.7,1082.0,"(40.41328525, -3.6964122018327306)"
El Dojo Comedia,open_mic,8.0,70.0,El Golfo Comedy Club,9.6,150.0,club de comedia,4.7,1082.0,"(40.41328525, -3.6964122018327306)"
Chic  Comedy - Monólogos,open_mic,3.5,80.0,Estupenda Bar,9.0,194.0,bar,4.2,1047.0,"(40.4225962, -3.7046498)"
Noches de Comedia - Monólogos en Madrid,cuenta_local,6.0,75.0,El Sombrerero Comedy Club,9.5,901.0,club de comedia,4.5,4.0,"(40.4317969, -3.7008063)"
Los Monólogos del Teatro de las Aguas,cuenta_local,5.0,60.0,Teatro de las Aguas,9.5,885.0,teatro,4.2,1848.0,"(40.410900600000005, -3.712216945685541)"
Punch Comedy English.- Stand up Comedy in English,open_mic,7.0,90.0,El Golfo Comedy Club,9.3,26.0,club de comedia,4.7,1082.0,"(40.41328525, -3.6964122018327306)"
Comedy Rally,open_mic,7.0,90.0,Estación Malasaña,9.1,73.0,bar,4.5,344.0,"(40.4236731, -3.7051859)"
"Comedy Nights, monólogos en Beer Station",cuenta_local,8.0,80.0,Beer Station,9.0,778.0,bar,4.4,3382.0,"(40.4197052, -3.7085243)"
Probando material,open_mic,7.0,95.0,El Golfo Comedy Club,8.3,12.0,club de comedia,4.7,1082.0,"(40.41328525, -3.6964122018327306)"
Stand Up en el momento,open_mic,5.0,70.0,El Golfo Comedy Club,9.2,9.0,club de comedia,4.7,1082.0,"(40.41328525, -3.6964122018327306)"
Jaja Party - Presentado por Javi Durán,open_mic,8.0,60.0,Beer Station,8.5,6.0,bar,4.4,3382.0,"(40.4197052, -3.7085243)"
La Hora y Media de El Club de la Comedia Madrid,show,22.0,90.0,Teatro Príncipe Gran Vía,8.7,3930.0,teatro,4.2,2601.0,"(40.4195185, -3.7026612)"
"No cruces los brazos, David Cepo",show,17.0,75.0,Teatro Arlequín Gran Vía,9.6,153.0,teatro,4.2,5264.0,"(40.4211706, -3.7082023)"
"Esto no es un show, con Galder Varas en Madrid",show,16.0,100.0,Teatro Alcázar,9.7,365.0,teatro,4.3,6730.0,"(40.41762175, -3.6989692917634684)"
"Buenrollistas - Víctor Parrado, en Madrid",show,14.0,100.0,Cinesa Fuencarral,9.7,554.0,cine,4.2,6918.0,"(40.4315549, -3.7029393365099326)"
Intermitente - Carlos Martínez,show,7.9,60.0,Abonavida,9.8,68.0,bar,4.3,1274.0,"(40.4191439, -3.7065685)"
"Aguántame el cubata, que me da la risa - Juan Aroca",show,12.0,65.0,Teatro de las Aguas,9.5,807.0,teatro,4.2,1848.0,"(40.410900600000005, -3.712216945685541)"
Oye Siri. Dime Joan,show,12.0,65.0,Teatro de las Aguas,9.5,107.0,teatro,4.2,1848.0,"(40.410900600000005, -3.712216945685541)"
Solo para Parejas - Los mejores monólogos de Madrid,show,13.0,60.0,Estación Malasaña,9.9,1204.0,bar,4.5,344.0,"(40.4236731, -3.7051859)"
Los Monólogos de Estupenda Café Bar,cuenta_local,2.4,80.0,Estupenda Bar,9.0,214.0,bar,4.2,1047.0,"(40.4225962, -3.7046498)"
Ultrashow - Miguel Noguera en Madrid,show,14.9,75.0,Teatros Luchana,9.0,154.0,teatro,4.5,3371.0,"(40.4318686, -3.6982529)"
"Karim - Sólo para adultos, en Madrid",show,14.9,70.0,Teatros Luchana,9.4,1370.0,teatro,4.5,3371.0,"(40.4318686, -3.6982529)"
"Hij@s, el club de los malos padres",show,14.9,75.0,Teatros Luchana,9.4,878.0,teatro,4.5,3371.0,"(40.4318686, -3.6982529)"
Lago - Comedy Club,show,21.0,60.0,Teatro Alcázar,9.2,126.0,teatro,4.3,6730.0,"(40.41762175, -3.6989692917634684)"
Imbécil - Alex ODogherty,show,16.0,60.0,Teatro Capitol Gran Vía,9.4,540.0,teatro,4.2,4902.0,"(40.4683282, -3.8707172)"
"Miss Tupper Sex, en Madrid",show,18.0,90.0,Pequeño Teatro Gran Vía de Madrid,9.2,1209.0,teatro,4.5,1975.0,"(40.4683282, -3.8707172)"
Los 30 son los nuevos. ¡Vete a la mierda!,show,12.0,90.0,The Mun,9.6,154.0,espacios variados,4.9,31.0,"(40.3973457, -3.6938624)"
El Micro de las Aguas. Open Mic,open_mic,10.0,75.0,Teatro de las Aguas,10.0,18.0,teatro,4.2,1848.0,"(40.410900600000005, -3.712216945685541)"
Asaari Bibang. Humor Negra.,show,11.0,70.0,El Golfo Comedy Club,9.8,100.0,club de comedia,4.7,1082.0,"(40.41328525, -3.6964122018327306)"
"David Guapo #Quenonosfrunjanlafiesta, en Madrid",show,20.0,70.0,Gran teatro Caixabank Príncipe Pío,9.0,3365.0,teatro,4.4,8021.0,"(40.4208539, -3.7187511)"
Hardcore - Patricia Galván,show,13.0,75.0,Beer Station,9.7,125.0,bar,4.4,3382.0,"(40.4197052, -3.7085243)"
Monólogos de humor - Chocita del Loro Av. Brasil,show,11.0,65.0,Teatro Chocita del Loro - Avenida Brasil,9.2,1914.0,teatro,4.4,982.0,"(40.4539019, -3.6933714)"
Arde Murcia,show,10.0,75.0,Abonavida,9.8,50.0,bar,4.3,1274.0,"(40.4191439, -3.7065685)"
Arde Murcia,show,10.0,60.0,Clandestino Café Teatro,9.9,35.0,teatro,4.4,119.0,"(40.419694, -3.7025472)"
Es mi palabra contra la mía - Luís Piedrahita,show,15.2,90.0,Teatro Reina Victoria,9.4,1114.0,teatro,4.3,5892.0,"(40.4165342, -3.699792)"
"Dani Alés - Tabú, un monólogo inadecuado",show,14.0,70.0,Beer Station,9.5,107.0,bar,4.4,3382.0,"(40.4197052, -3.7085243)"
"Tinder Sorpresa - Andreu Casanova, en Madrid",show,16.0,90.0,Cine Palacio de la Prensa,9.1,1822.0,cine,4.1,2503.0,"(40.4200282, -3.7054691)"
La España Vaciada,show,14.0,90.0,Cinesa Fuencarral,9.9,14.0,cine,4.2,6918.0,"(40.4315549, -3.7029393365099326)"
"Stand Up Comedy, In English",show,10.0,75.0,Teatro de las Aguas,9.7,118.0,teatro,4.2,1848.0,"(40.410900600000005, -3.712216945685541)"
Comedia Subterránea. Open Mic,open_mic,7.0,60.0,Teatro de las Aguas,9.8,24.0,teatro,4.2,1848.0,"(40.410900600000005, -3.712216945685541)"
Álex Clavero - La Nueva Normalidad,show,16.0,60.0,Teatro Capitol Gran Vía,9.7,170.0,teatro,4.2,4902.0,"(40.4683282, -3.8707172)"
Alex Salaberri. Qué le pasa doctor.,show,11.0,70.0,El Golfo Comedy Club,9.9,117.0,club de comedia,4.7,1082.0,"(40.41328525, -3.6964122018327306)"
Diego Arjona - ¡Aquí no hay playa!,show,12.0,70.0,Beer Station,9.7,69.0,bar,4.4,3382.0,"(40.4197052, -3.7085243)"
"Carlos Librado, NENE",show,11.0,95.0,El Golfo Comedy Club,9.8,20.0,club de comedia,4.7,1082.0,"(40.41328525, -3.6964122018327306)"
"La Cueva Comedy  Club, Open Mic!!!",open_mic,6.0,60.0,Teatro de las Aguas,9.1,312.0,teatro,4.2,1848.0,"(40.410900600000005, -3.712216945685541)"
Open Beer - Open Mic de stand-up comedy,open_mic,8.0,70.0,Beer Station,9.4,133.0,bar,4.4,3382.0,"(40.4197052, -3.7085243)"
"YO NUNCA SHOW,  de Raúl Massana",show,10.0,60.0,Beer Station,9.5,147.0,bar,4.4,3382.0,"(40.4197052, -3.7085243)"
Javi Durán - Fracashow en Beer Station,show,14.0,60.0,Beer Station,9.2,136.0,bar,4.4,3382.0,"(40.4197052, -3.7085243)"
Un Monólogo de Puta Madre - Juan Morales,show,10.0,60.0,Teatro de las Aguas,9.6,77.0,teatro,4.2,1848.0,"(40.410900600000005, -3.712216945685541)"
Predicadores de la impro,show,10.0,70.0,Teatro de las Aguas,9.8,310.0,teatro,4.2,1848.0,"(40.410900600000005, -3.712216945685541)"
Laura del Val- De Burgos también se sale,show,11.0,70.0,El Golfo Comedy Club,9.7,75.0,club de comedia,4.7,1082.0,"(40.41328525, -3.6964122018327306)"
"Alicia Lobo - Hola, no me líes",show,9.6,70.0,Cinesa Fuencarral,10.0,20.0,cine,4.2,6918.0,"(40.4315549, -3.7029393365099326)"
Mangos y Papayas: Ivan Perlaza & Javi Bueno,show,10.0,70.0,El Sombrerero Comedy Club,9.8,43.0,club de comedia,4.5,4.0,"(40.4317969, -3.7008063)"
Goloso de Micro.,show,10.0,120.0,El Golfo Comedy Club,9.1,125.0,club de comedia,4.7,1082.0,"(40.41328525, -3.6964122018327306)"
Yo maté al Rey León - Dani Delacámara,show,10.0,90.0,Cinesa Fuencarral,9.5,359.0,cine,4.2,6918.0,"(40.4315549, -3.7029393365099326)"
Alex Gozalo. Tiempos confusos.,show,12.0,70.0,El Golfo Comedy Club,9.5,23.0,club de comedia,4.7,1082.0,"(40.41328525, -3.6964122018327306)"
De Albacete al fin del mundo - Rubén Faura,show,8.0,60.0,Estación Malasaña,9.7,275.0,bar,4.5,344.0,"(40.4236731, -3.7051859)"
Manu Partida. Gafe.,show,12.0,70.0,El Golfo Comedy Club,9.8,44.0,club de comedia,4.7,1082.0,"(40.41328525, -3.6964122018327306)"
Rita Rojo.- ¡¿A quién no le va a gustar?!,show,11.0,70.0,El Golfo Comedy Club,9.9,24.0,club de comedia,4.7,1082.0,"(40.41328525, -3.6964122018327306)"
"Isabel Rey - Diva de barrio, un show de comedia",show,10.0,60.0,Beer Station,9.8,28.0,bar,4.4,3382.0,"(40.4197052, -3.7085243)"
Fran Pati: Moder-No,show,11.0,70.0,El Golfo Comedy Club,9.7,112.0,club de comedia,4.7,1082.0,"(40.41328525, -3.6964122018327306)"
"Nene, ¡Que me jodan! , un monólogo muy jodido",show,12.0,70.0,Beer Station,9.3,32.0,bar,4.4,3382.0,"(40.4197052, -3.7085243)"
Felipe Mateos. El odio viene en frascos pequeños.,show,11.0,70.0,El Golfo Comedy Club,9.7,52.0,club de comedia,4.7,1082.0,"(40.41328525, -3.6964122018327306)"
Tiquismiquis - Mikel Bermejo,show,15.0,60.0,Teatro Arlequín Gran Vía,9.6,199.0,teatro,4.2,5264.0,"(40.4211706, -3.7082023)"
Pedro Ángel Roca.- Arde Murcia,show,11.0,70.0,El Golfo Comedy Club,9.9,34.0,club de comedia,4.7,1082.0,"(40.41328525, -3.6964122018327306)"
Monólogos de humor - Chocita del Loro Gran vía,cuenta_local,15.0,90.0,Teatro Chocita del Loro - Gran Vía,8.8,14386.0,teatro,4.5,4273.0,"(40.4683282, -3.8707172)"
"No es fácil ser fácil, de Silvia De Frente",show,12.0,70.0,El Golfo Comedy Club,9.8,74.0,club de comedia,4.7,1082.0,"(40.41328525, -3.6964122018327306)"
Un mancheguico por Madrid. Marce González,show,10.0,60.0,Teatro de las Aguas,9.6,72.0,teatro,4.2,1848.0,"(40.410900600000005, -3.712216945685541)"
Ilusión. Javier Del Mar,show,10.0,60.0,Teatro de las Aguas,9.1,20.0,teatro,4.2,1848.0,"(40.410900600000005, -3.712216945685541)"
¡Es lo que hay! un show de Carlos Suárez e Iria Parada,show,11.0,60.0,Beer Station,9.6,29.0,bar,4.4,3382.0,"(40.4197052, -3.7085243)"
Coria Castillo con Nací princesa porque zorras sobraban,show,14.0,75.0,Beer Station,9.5,414.0,bar,4.4,3382.0,"(40.4197052, -3.7085243)"
Luis Álvaro - El espectáculo,show,12.0,75.0,Beer Station,9.0,186.0,bar,4.4,3382.0,"(40.4197052, -3.7085243)"
Impro-Monologos,show,8.0,60.0,Clandestino Café Teatro,9.6,20.0,teatro,4.4,119.0,"(40.419694, -3.7025472)"
Mangos y Papayas - Gran Vía,show,8.5,75.0,Cervecería Valverde Comedy Club,9.8,81.0,club de comedia,4.0,1085.0,"(40.4207044, -3.7021596)"
Carles Cuevas y Fer Bleda. Maric*n y Tontic*.,show,12.0,70.0,El Golfo Comedy Club,9.6,31.0,club de comedia,4.7,1082.0,"(40.41328525, -3.6964122018327306)"
Mierda Fresca Open - Stand-Up Comedy presentado por Richard Salamanca,open_mic,8.0,80.0,Beer Station,9.4,49.0,bar,4.4,3382.0,"(40.4197052, -3.7085243)"
Poco se habla de Sexo - Madrid,show,8.0,70.0,El Sombrerero Comedy Club,9.9,21.0,club de comedia,4.5,4.0,"(40.4317969, -3.7008063)"
"No soy yo, eres tú David Carrascosa",show,10.0,65.0,Collage Burlesque,9.9,170.0,bar,4.6,56.0,"(40.42912525, -3.698373844811268)"
Open Open Mic. El micro abierto más abierto.,open_mic,3.0,70.0,El Golfo Comedy Club,9.3,79.0,club de comedia,4.7,1082.0,"(40.41328525, -3.6964122018327306)"
Diego Arjona - Me veo en Wallapop,show,12.0,60.0,Sala Houdini,10.0,23.0,espacios variados,4.8,2869.0,"(40.4461751, -3.6751527)"
Vermut Rojo Open Mic,open_mic,3.0,50.0,Tropicana Beach Club Madrid,9.4,78.0,bar,4.1,290.0,"(40.4143906, -3.7065497)"
Albert Boira.- Que nos pille viviendo,show,12.0,70.0,El Golfo Comedy Club,9.5,28.0,club de comedia,4.7,1082.0,"(40.41328525, -3.6964122018327306)"
Fango - Rober Bodegas,show,18.0,60.0,Pequeño Teatro Gran Vía de Madrid,9.5,355.0,teatro,4.5,1975.0,"(40.4683282, -3.8707172)"
"Borderline, Nico Lozano",show,10.0,60.0,Teatro de las Aguas,9.1,50.0,teatro,4.2,1848.0,"(40.410900600000005, -3.712216945685541)"
Mangos y Papayas: Javi Bueno & Iván Perlaza,show,9.0,70.0,MadBeerHall,9.8,37.0,,,,
"Malasañero para principantes, de Manu Kas",show,10.0,50.0,Teatro de las Aguas,8.8,151.0,teatro,4.2,1848.0,"(40.410900600000005, -3.712216945685541)"
Super Duper. Mario Velasco,show,10.0,60.0,Teatro de las Aguas,9.4,30.0,teatro,4.2,1848.0,"(40.410900600000005, -3.712216945685541)"
Open Magic,open_mic,8.0,90.0,La Cripta Mágica,9.6,47.0,teatro,4.8,1033.0,"(40.40175815, -3.6967764379116157)"
Sparks- El show de humor negro - Silvia Sparks,show,12.0,70.0,Beer Station,9.4,62.0,bar,4.4,3382.0,"(40.4197052, -3.7085243)"
Paula Púa.- Traca. Un monólogo de una hija única.,show,11.0,70.0,El Golfo Comedy Club,9.5,19.0,club de comedia,4.7,1082.0,"(40.41328525, -3.6964122018327306)"
No Disparen al Cómico - Manu Chacón,show,10.0,70.0,Abonavida,9.8,201.0,bar,4.3,1274.0,"(40.4191439, -3.7065685)"
"Femininity, un show de Patri Muñoz",show,11.0,70.0,El Golfo Comedy Club,9.2,37.0,club de comedia,4.7,1082.0,"(40.41328525, -3.6964122018327306)"
Diego Daño. Viviendo para Instagram,show,11.0,70.0,El Golfo Comedy Club,9.1,295.0,club de comedia,4.7,1082.0,"(40.41328525, -3.6964122018327306)"
Juan Moreno presenta ¡Embustero!,show,10.0,70.0,MadBeerHall,9.4,43.0,,,,
Kalderas - Stand Up Comedy,show,11.0,60.0,Beer Station,9.3,60.0,bar,4.4,3382.0,"(40.4197052, -3.7085243)"
Alberto Sierra. De profesión: gafas.,show,11.0,70.0,El Golfo Comedy Club,9.4,15.0,club de comedia,4.7,1082.0,"(40.41328525, -3.6964122018327306)"
Ruta 66 Open Mic,open_mic,3.0,75.0,Tropicana Beach Club Madrid,9.4,33.0,bar,4.1,290.0,"(40.4143906, -3.7065497)"
Sinacio presenta Toca Reír,show,12.0,90.0,Beer Station,9.0,12.0,bar,4.4,3382.0,"(40.4197052, -3.7085243)"
Vero Berenguer y Sandra U.- Enfermizas,show,11.0,70.0,El Golfo Comedy Club,9.2,16.0,club de comedia,4.7,1082.0,"(40.41328525, -3.6964122018327306)"
La Factoría de la Comedia - Openmic,open_mic,6.0,75.0,El Sombrerero Comedy Club,9.4,120.0,club de comedia,4.5,4.0,"(40.4317969, -3.7008063)"
"Comedia Sin Miedo Open Mic , monologo de standup comedy",open_mic,2.5,70.0,Estación Malasaña,9.6,64.0,bar,4.5,344.0,"(40.4236731, -3.7051859)"
Lgtb Comedy Jam,show,5.0,90.0,Intruso Bar,9.4,155.0,bar,4.3,1999.0,"(40.4230161, -3.7001672)"
Carmen Romero y Bianca Kovacs - Odio a la gente PODCAST,podcast,8.0,70.0,Beer Station,9.3,23.0,bar,4.4,3382.0,"(40.4197052, -3.7085243)"
Malhablado - Un show de Raúl Fervé,show,10.0,70.0,Beer Station,9.2,29.0,bar,4.4,3382.0,"(40.4197052, -3.7085243)"
"Nacho García: Estoy mayor, en Madrid",show,10.0,80.0,Cine Palacio de la Prensa,9.1,1138.0,cine,4.1,2503.0,"(40.4200282, -3.7054691)"
"Open Mic, La Trinchera",open_mic,5.0,75.0,Tropicana Beach Club Madrid,9.3,14.0,bar,4.1,290.0,"(40.4143906, -3.7065497)"
Los 30 son los nuevos ...  ¡Vete a la mierda! - Jorge Santos,show,12.0,80.0,Teatro Bellas Artes,9.5,214.0,teatro,4.2,2870.0,"(40.4181727, -3.6963263)"
Los 30 son los nuevos ... ¡Vete a la mierda! - Jorge Santos,show,10.0,75.0,Sala Galileo Galilei,9.5,203.0,espacios variados,4.3,4057.0,"(40.4385349, -3.7098303)"
Silvia Sparks. El show de humor negro,show,11.0,70.0,El Golfo Comedy Club,9.2,51.0,club de comedia,4.7,1082.0,"(40.41328525, -3.6964122018327306)"
Par de notas - Álvaro Seko y Fernando 'El Pelao',show,15.0,90.0,Teatro Chocita del Loro - Gran Vía,9.1,56.0,teatro,4.5,4273.0,"(40.4683282, -3.8707172)"
Eva Cabezas. A las calles,show,12.0,70.0,El Golfo Comedy Club,9.0,13.0,club de comedia,4.7,1082.0,"(40.41328525, -3.6964122018327306)"
Los Monólogos de Clandestino Café-Teatro Gran vía,cuenta_local,8.0,60.0,Clandestino Café Teatro,8.4,71.0,teatro,4.4,119.0,"(40.419694, -3.7025472)"
La Maricomedia - Un Show Drag Heterofriendly,show,8.0,60.0,Clandestino Café Teatro,9.5,80.0,teatro,4.4,119.0,"(40.419694, -3.7025472)"
"Barbie Boy, un monólogo de comedia tartamuda",show,5.0,65.0,Estación Malasaña,9.7,37.0,bar,4.5,344.0,"(40.4236731, -3.7051859)"
Vagos y maleantes,show,7.5,70.0,Bala Perdida Club (Hotel Axel Madrid),9.4,147.0,hotel,4.4,1872.0,"(40.413134, -3.7005625)"
El micro abierto de la Estupenda,open_mic,3.0,80.0,Estupenda Bar,9.0,57.0,bar,4.2,1047.0,"(40.4225962, -3.7046498)"
De Madrid Al Suelo,show,10.0,70.0,Abonavida,9.6,44.0,bar,4.3,1274.0,"(40.4191439, -3.7065685)"
No te atasques con tu vida - Joan Natzari,show,10.0,60.0,Teatro de las Aguas,8.6,228.0,teatro,4.2,1848.0,"(40.410900600000005, -3.712216945685541)"
Momentos de ternura. Con Edu Halmoguera y Pablo Medina,show,12.0,70.0,El Golfo Comedy Club,9.0,17.0,club de comedia,4.7,1082.0,"(40.41328525, -3.6964122018327306)"
Los perros no hablan,show,8.0,90.0,Sala Kathedral,9.3,91.0,bar,3.7,158.0,"(40.4225675, -3.7037307)"
¡Tampoco es para tanto! - Javi Bravo,show,8.0,60.0,Estación Malasaña,9.3,140.0,bar,4.5,344.0,"(40.4236731, -3.7051859)"
No + Reglas,show,7.0,70.0,Collage Burlesque,9.3,10.0,bar,4.6,56.0,"(40.42912525, -3.698373844811268)"
¡Hostia Patxi! un monólogo en Madrid,show,10.0,70.0,MadBeerHall,9.2,71.0,,,,
Comedia sin Límites - Monólogos y mucho más,show,12.0,70.0,Beer Station,8.6,34.0,bar,4.4,3382.0,"(40.4197052, -3.7085243)"
Archie Bezos.- graciOSO,show,12.0,70.0,El Golfo Comedy Club,8.8,21.0,club de comedia,4.7,1082.0,"(40.41328525, -3.6964122018327306)"
Estación Comedy,cuenta_local,2.5,60.0,Estación Malasaña,8.6,137.0,bar,4.5,344.0,"(40.4236731, -3.7051859)"
Dos Gordos muy Grasiosos,show,13.0,60.0,Vodevil Circus,9.5,29.0,teatro,4.9,159.0,"(40.48500660617931, -3.3599625803074087)"
Tinder Sorpresa,show,15.5,90.0,Teatro Real Carlos III de Aranjuez,9.1,1822.0,teatro,4.5,1013.0,"(40.0333747, -3.6040168)"
Juanma Molina y Ruinas Planchuelo - Del Sur,show,15.0,90.0,Teatro Chocita del Loro - Gran Vía,9.3,23.0,teatro,4.5,4273.0,"(40.4683282, -3.8707172)"
Luismi - Colocado cabe 4.0,show,15.0,90.0,Teatro Chocita del Loro - Gran Vía,9.0,285.0,teatro,4.5,4273.0,"(40.4683282, -3.8707172)"
Si te ríes: ¡Gano! - Concurso de monólogos (En Galileo Galilei),concurso,10.0,90.0,Sala Galileo Galilei,8.5,58.0,espacios variados,4.3,4057.0,"(40.4385349, -3.7098303)"
Fernando García - Lo que yo sé de las mujeres,show,17.0,90.0,Teatro Chocita del Loro - Gran Vía,8.9,345.0,teatro,4.5,4273.0,"(40.4683282, -3.8707172)"
Kabraloker - Mas Loco Que Una Cabra,show,10.0,60.0,Clandestino Café Teatro,8.8,57.0,teatro,4.4,119.0,"(40.419694, -3.7025472)"
Soy Tóxica,show,7.5,70.0,Bala Perdida Club (Hotel Axel Madrid),9.0,60.0,hotel,4.4,1872.0,"(40.413134, -3.7005625)"
"Dos Gordos muy Grasiosos, en Estupenda Bar",show,6.0,75.0,Estupenda Bar,9.0,67.0,bar,4.2,1047.0,"(40.4225962, -3.7046498)"
"MILF (Mujer inteligente, libre y feliz)",show,10.0,60.0,Collage Burlesque,9.0,75.0,bar,4.6,56.0,"(40.42912525, -3.698373844811268)"
"Daniel Fez. La vida Regulinchi, en Madrid",show,16.0,60.0,Teatro Alcázar,,,teatro,4.3,6730.0,"(40.41762175, -3.6989692917634684)"
El Unipersonal de Luciano Mellera,show,20.0,60.0,Teatro EDP Gran Vía,,,teatro,4.2,9571.0,"(40.4683282, -3.8707172)"
Momi Giardina - Cualquier cosa te llamamos,show,20.0,60.0,Pequeño Teatro Gran Vía de Madrid,,,teatro,4.5,1975.0,"(40.4683282, -3.8707172)"
Racional - Pablo Molinari en Madrid,show,20.0,90.0,Cinesa Fuencarral,,,cine,4.2,6918.0,"(40.4315549, -3.7029393365099326)"
Miki Dkai: Personal Trainer,show,12.0,70.0,Teatro Arlequín Gran Vía,0.8,1.0,teatro,4.2,5264.0,"(40.4211706, -3.7082023)"
Nacho García en El Golfo Comedy Club,show,11.0,70.0,El Golfo Comedy Club,9.6,6.0,club de comedia,4.7,1082.0,"(40.41328525, -3.6964122018327306)"
Gente bien,show,10.0,60.0,Teatro de las Aguas,8.2,5.0,teatro,4.2,1848.0,"(40.410900600000005, -3.712216945685541)"
Alex Clavero y Karim - Noche de Monólogos,show,15.0,70.0,Beer Station,10.0,2.0,bar,4.4,3382.0,"(40.4197052, -3.7085243)"
Lo positivo de fracasar en el amor,show,11.2,60.0,Teatro Lara,,,teatro,4.4,11024.0,"(40.4221297, -3.7043663)"
Transplantar,show,11.2,60.0,Teatro Lara,,,teatro,4.4,11024.0,"(40.4221297, -3.7043663)"
Mi gran noche griega. Dzimis Tsapas. The Greek Dzinious,show,12.0,60.0,Teatro de las Aguas,,,teatro,4.2,1848.0,"(40.410900600000005, -3.712216945685541)"
¡Por fin solo!,show,16.0,90.0,Teatro Reina Victoria,,,teatro,4.3,5892.0,"(40.4165342, -3.699792)"
El cómico faltoso. Carlos Moreno,show,10.0,60.0,Teatro de las Aguas,,,teatro,4.2,1848.0,"(40.410900600000005, -3.712216945685541)"
Curreles,show,10.0,70.0,Teatro de las Aguas,,,teatro,4.2,1848.0,"(40.410900600000005, -3.712216945685541)"
Asco y Pena en directo- Un Podcast de Nacho García y Miguel Iríbar,podcast,12.0,70.0,El Golfo Comedy Club,,,club de comedia,4.7,1082.0,"(40.41328525, -3.6964122018327306)"
Fran Pati y Mikel Bermejo - MVPs,show,11.0,70.0,El Golfo Comedy Club,,,club de comedia,4.7,1082.0,"(40.41328525, -3.6964122018327306)"
Carmen Fresca - Un espectáculo de Carmen Alcayde,show,11.0,70.0,Beer Station,8.8,2.0,bar,4.4,3382.0,"(40.4197052, -3.7085243)"
Bhonny Lorenzo presenta Bonifacetico,show,12.0,70.0,El Golfo Comedy Club,10.0,6.0,club de comedia,4.7,1082.0,"(40.41328525, -3.6964122018327306)"
Isabel Rey.- Diva de Barrio,show,11.0,70.0,El Golfo Comedy Club,,,club de comedia,4.7,1082.0,"(40.41328525, -3.6964122018327306)"
Taka Gómez - Plátano,show,10.0,60.0,Beer Station,,,bar,4.4,3382.0,"(40.4197052, -3.7085243)"
Tabú,show,7.5,70.0,Bala Perdida Club (Hotel Axel Madrid),10.0,8.0,hotel,4.4,1872.0,"(40.413134, -3.7005625)"
Pilar de Francisco y Borja Sumozas. ¡Por fin juntos!,show,12.0,70.0,El Golfo Comedy Club,9.2,9.0,club de comedia,4.7,1082.0,"(40.41328525, -3.6964122018327306)"
Patxi Zubeldia.-  Bestia Parda,show,12.0,70.0,El Golfo Comedy Club,10.0,1.0,club de comedia,4.7,1082.0,"(40.41328525, -3.6964122018327306)"
Alberto Graupera.- No le busques sentido,show,12.0,70.0,El Golfo Comedy Club,10.0,1.0,club de comedia,4.7,1082.0,"(40.41328525, -3.6964122018327306)"
El Ahorcado Open Mic,open_mic,9.0,90.0,El Golfo Comedy Club,10.0,1.0,club de comedia,4.7,1082.0,"(40.41328525, -3.6964122018327306)"
Juan Moreno - Infame,show,11.0,70.0,El Golfo Comedy Club,9.8,4.0,club de comedia,4.7,1082.0,"(40.41328525, -3.6964122018327306)"
Estoy bien. Esther Gimeno,show,12.0,70.0,El Golfo Comedy Club,8.7,6.0,club de comedia,4.7,1082.0,"(40.41328525, -3.6964122018327306)"
Borja Manjón. Poca cosa.,show,12.0,70.0,El Golfo Comedy Club,9.8,5.0,club de comedia,4.7,1082.0,"(40.41328525, -3.6964122018327306)"
Nico Lozano. Borderline Golfo Edition.,show,12.0,70.0,El Golfo Comedy Club,,,club de comedia,4.7,1082.0,"(40.41328525, -3.6964122018327306)"
No me puedo quejar,show,7.5,80.0,Bala Perdida Club (Hotel Axel Madrid),,,hotel,4.4,1872.0,"(40.413134, -3.7005625)"
Quique Matilla - Vastante vien,show,12.0,75.0,Beer Station,10.0,1.0,bar,4.4,3382.0,"(40.4197052, -3.7085243)"
"Nayra Pérez presenta Por mí, ya estaría",show,11.0,60.0,Beer Station,10.0,7.0,bar,4.4,3382.0,"(40.4197052, -3.7085243)"
100% Risas y Humor - Mancheguito,show,10.0,60.0,Estación Malasaña,9.9,91.0,bar,4.5,344.0,"(40.4236731, -3.7051859)"
Summertime,show,10.5,80.0,OFF LATINA,9.6,2.0,teatro,4.5,1774.0,"(40.4120586, -3.7119024)"
Ganso: un show de Edu J,show,10.0,70.0,El Sombrerero Comedy Club,10.0,6.0,club de comedia,4.5,4.0,"(40.4317969, -3.7008063)"
Menuda Pájara - Carmen Alcayde,show,8.0,60.0,Estación Malasaña,,,bar,4.5,344.0,"(40.4236731, -3.7051859)"
Funny hour open mic,open_mic,3.0,70.0,Cafetería Valverde,10.0,7.0,,,,
"Manu ""El Gamba"" en Platea",show,10.0,80.0,Platea Café Teatro,,,teatro,4.6,361.0,"(40.3493214, -3.5414559)"
Traficante de Risas - Boira Sigue Vivo!!!,show,8.0,60.0,Clandestino Café Teatro,,,teatro,4.4,119.0,"(40.419694, -3.7025472)"
Rodrigo Marques - Estamos vivos,show,9.75,60.0,Teatro Amaya,,,teatro,4.3,4296.0,"(40.4351466, -3.6970943)"
Miguel Sincero - Píkaro,show,15.0,90.0,Teatro Chocita del Loro - Gran Vía,9.2,11.0,teatro,4.5,4273.0,"(40.4683282, -3.8707172)"
Cincuentañer@s,show,10.0,60.0,Clandestino Café Teatro,8.4,9.0,teatro,4.4,119.0,"(40.419694, -3.7025472)"
Heterobásicos,show,10.0,60.0,Clandestino Café Teatro,,,teatro,4.4,119.0,"(40.419694, -3.7025472)"
Popurrí: Miguel Miguel en Platea,show,10.0,80.0,Platea Café Teatro,9.7,8.0,teatro,4.6,361.0,"(40.3493214, -3.5414559)"
La vida me importa un huevo,show,10.0,75.0,Vodevil Circus,10.0,1.0,teatro,4.9,159.0,"(40.48500660617931, -3.3599625803074087)"
Sujétame El Micrófono,show,8.0,60.0,Clandestino Café Teatro,,,teatro,4.4,119.0,"(40.419694, -3.7025472)"
Humor de Perros,show,10.0,60.0,Clandestino Café Teatro,8.7,9.0,teatro,4.4,119.0,"(40.419694, -3.7025472)"
Capilladas,show,10.0,60.0,Clandestino Café Teatro,10.0,3.0,teatro,4.4,119.0,"(40.419694, -3.7025472)"
Pero Que Me Estas Contando!? - Monologo y Comedia,show,10.0,60.0,Clandestino Café Teatro,8.5,16.0,teatro,4.4,119.0,"(40.419694, -3.7025472)"
"Kalderas, Sin Filtro",show,10.0,60.0,Clandestino Café Teatro,,,teatro,4.4,119.0,"(40.419694, -3.7025472)"
Situaciones incómodas - Marcos Arizmendi,show,10.0,60.0,Clandestino Café Teatro,9.9,10.0,teatro,4.4,119.0,"(40.419694, -3.7025472)"
Sin Pelos En La Lengua,show,5.0,60.0,Clandestino Café Teatro,10.0,1.0,teatro,4.4,119.0,"(40.419694, -3.7025472)"
"Comedia Canalla, El Incorrecto",show,8.0,60.0,Clandestino Café Teatro,6.8,6.0,teatro,4.4,119.0,"(40.419694, -3.7025472)"
El Humor De Los 90s Hoy,show,10.0,60.0,Clandestino Café Teatro,7.5,2.0,teatro,4.4,119.0,"(40.419694, -3.7025472)"
Histéricas,show,6.0,80.0,Estupenda Bar,9.5,5.0,bar,4.2,1047.0,"(40.4225962, -3.7046498)"
Juanete Deltó: ¡de esta no salimos!,show,5.0,75.0,Estupenda Bar,,,bar,4.2,1047.0,"(40.4225962, -3.7046498)"
"Alicia Montoya, Payasa",show,7.0,83.0,Tropicana Beach Club Madrid,,,bar,4.1,290.0,"(40.4143906, -3.7065497)"
Mangos y Papayas,show,7.0,80.0,Estupenda Bar,9.8,80.0,bar,4.2,1047.0,"(40.4225962, -3.7046498)"
Ríete que es un chiste: Himar Armas & Juan Morales,show,10.0,70.0,Sala Galileo Galilei,9.5,252.0,espacios variados,4.3,4057.0,"(40.4385349, -3.7098303)"
Pifostio: show de comedia,show,8.0,75.0,El Sombrerero Comedy Club,9.7,45.0,club de comedia,4.5,4.0,"(40.4317969, -3.7008063)"
Ganso: el show de Edu J.,show,9.0,70.0,MadBeerHall,10.0,6.0,,,,
Micky McPhantom y Molina Gómez - ¿Todo Bien!,show,15.0,90.0,Teatro Chocita del Loro - Gran Vía,8.6,11.0,teatro,4.5,4273.0,"(40.4683282, -3.8707172)"
Aquí no hay playa Summer Edition,show,12.0,70.0,La Casa de Rovodorovsky Teatro,,,teatro,4.3,3.0,"(40.4271719, -3.706452)"
Hay que Tener Huevos / Alcobendas Sanse- La Nota Rock,show,4.0,90.0,La Nota Rock,,,bar,4.5,578.0,"(40.5471734, -3.6255753)"
Carolina Noriega en Platea,show,10.0,80.0,Platea Café Teatro,10.0,1.0,teatro,4.6,361.0,"(40.3493214, -3.5414559)"
Nacho punto G en Platea,show,10.0,90.0,Platea Café Teatro,8.1,4.0,teatro,4.6,361.0,"(40.3493214, -3.5414559)"
Álvaro Seko en Platea,show,10.0,70.0,Platea Café Teatro,10.0,2.0,teatro,4.6,361.0,"(40.3493214, -3.5414559)"
Ruinas Planchuelo en Platea,show,10.0,80.0,Platea Café Teatro,7.5,1.0,teatro,4.6,361.0,"(40.3493214, -3.5414559)"
Solo Amalio en Platea,show,10.0,80.0,Platea Café Teatro,8.6,5.0,teatro,4.6,361.0,"(40.3493214, -3.5414559)"
Ismael Galán en Platea,show,10.0,70.0,Platea Café Teatro,,,teatro,4.6,361.0,"(40.3493214, -3.5414559)"
Pepa Golden en Platea,show,10.0,80.0,Platea Café Teatro,9.2,2.0,teatro,4.6,361.0,"(40.3493214, -3.5414559)"
Miguel Sincero en Platea,show,10.0,70.0,Platea Café Teatro,8.8,5.0,teatro,4.6,361.0,"(40.3493214, -3.5414559)"
Juank en Platea,show,10.0,80.0,Platea Café Teatro,10.0,1.0,teatro,4.6,361.0,"(40.3493214, -3.5414559)"
Mario Mechón en Platea,show,10.0,80.0,Platea Café Teatro,,,teatro,4.6,361.0,"(40.3493214, -3.5414559)"
Jorge Gallardo en Platea,show,10.0,70.0,Platea Café Teatro,10.0,1.0,teatro,4.6,361.0,"(40.3493214, -3.5414559)"
Oscar Bárez en Platea,show,10.0,80.0,Platea Café Teatro,10.0,3.0,teatro,4.6,361.0,"(40.3493214, -3.5414559)"
Dos de Cal,show,10.0,90.0,Vodevil Circus,,,teatro,4.9,159.0,"(40.48500660617931, -3.3599625803074087)"
La Vida me Importa un Huevo - Un monólogo de Arturo Cejas,show,6.0,60.0,Estación Malasaña,9.2,6.0,bar,4.5,344.0,"(40.4236731, -3.7051859)"
El Capi es mi cuñao,show,10.0,50.0,Vodevil Circus,9.9,13.0,teatro,4.9,159.0,"(40.48500660617931, -3.3599625803074087)"
¡Se vienen Cositas!,show,10.0,60.0,Estación Malasaña,,,bar,4.5,344.0,"(40.4236731, -3.7051859)"
Open Mic - Monólogos,open_mic,6.0,120.0,Vodevil Circus,9.6,10.0,teatro,4.9,159.0,"(40.48500660617931, -3.3599625803074087)"
Zapatiburger: 4 cómicos + 1 batería + 1 cantante,show,5.0,80.0,Sleep'n Atocha,,,hotel,4.4,1947.0,"(40.4091457, -3.6930506)"
Tonta,show,10.0,70.0,Mad Beer Hall,,,bar,4.3,990.0,"(40.4351142, -3.631265840686254)"
Sin pelos en la lengua,show,10.0,60.0,Collage Burlesque,,,bar,4.6,56.0,"(40.42912525, -3.698373844811268)"
Micro Abierto Monólogos Madrid,open_mic,7.0,60.0,Escuela de Danza y Centro Deportivo Belo Art,9.6,4.0,espacios variados,4.9,98.0,"(40.4561567, -3.7075621)"
Comedia con Javi DelPe,show,6.0,80.0,Estupenda Bar,9.1,73.0,bar,4.2,1047.0,"(40.4225962, -3.7046498)"
"Dos Gordos muy Grasiosos, en Estación Malasaña",show,7.0,75.0,Estación Malasaña,9.4,29.0,bar,4.5,344.0,"(40.4236731, -3.7051859)"
Luis Gerónimo Abreu - Camas,show,20.0,75.0,Pequeño Teatro Gran Vía de Madrid,,,teatro,4.5,1975.0,"(40.4683282, -3.8707172)"
Monólogos en San Sebastián de los Reyes,cuenta_local,6.5,75.0,La Nota Rock,,,bar,4.5,578.0,"(40.5471734, -3.6255753)"
Si te ríes: ¡Gano! - Concurso monólogos (San Sebastián de los Reyes),concurso,6.0,83.0,La Nota Rock,8.6,48.0,bar,4.5,578.0,"(40.5471734, -3.6255753)"
La Noche de la Risa,show,18.0,90.0,Teatro Capitol Gran Vía,9.9,1237.0,teatro,4.2,4902.0,"(40.4683282, -3.8707172)"
